<?xml version="1.0" encoding="UTF-8"?>
<metadata xml:lang="zh"><Esri><CreaDate>20161023</CreaDate><CreaTime>11093800</CreaTime><SyncOnce>FALSE</SyncOnce><DataProperties><lineage><Process ToolSource="C:\Program Files\ArcGIS\ArcToolbox\Toolboxes\Data Management Tools.tbx\CreateFeatureclass" Date="20101123" Time="151806">CreateFeatureclass e:\programe\modify_lrdl_new\data_mdb\H48\H48E014001\gxsjcg\H48E014001.mdb LRDL POLYLINE e:\programe\modify_lrdl_new\model_rn2.mdb\LRDL DISABLED DISABLED "PROJCS['1980西安坐标系',GEOGCS['中国1980椭球',DATUM['D_Xian_1980',SPHEROID['Xian_1980',6378140.0,298.257]],PRIMEM['Greenwich',0.0],UNIT['Degree',0.0174532925199433]],PROJECTION['Gauss_Kruger'],PARAMETER['False_Easting',500000.0],PARAMETER['False_Northing',0.0],PARAMETER['Central_Meridian',105.0],PARAMETER['Scale_Factor',1.0],PARAMETER['Latitude_Of_Origin',0.0],UNIT['Meter',1.0]];209510.37 3286329.38 365284181105.126;-100000 10000;0 100000;.00000002;.0002;.00002;IsHighPrecision" # 0 0 0 e:\programe\modify_lrdl_new\data_mdb\H48\H48E014001\gxsjcg\H48E014001.mdb\LRDL</Process><Process ToolSource="C:\Program Files\ArcGIS\ArcToolbox\Toolboxes\Data Management Tools.tbx\Append" Date="20101123" Time="151809">Append e:\programe\modify_lrdl_new\data_mdb\H48\H48E014001\gxsjcg\H48E014001.mdb\fr_LRDL e:\programe\modify_lrdl_new\data_mdb\H48\H48E014001\gxsjcg\H48E014001.mdb\LRDL NO_TEST # e:\programe\modify_lrdl_new\data_mdb\H48\H48E014001\gxsjcg\H48E014001.mdb\LRDL</Process><Process ToolSource="C:\Program Files\ArcGIS\ArcToolbox\Toolboxes\Data Management Tools.tbx\DefineProjection" Date="20110628" Time="223626">DefineProjection D:\2000坐标系转换\data\H48\H48E014001\更新数据成果\H48E014001.mdb\LRDL PROJCS['Xian_1980_GK_CM_105E',GEOGCS['GCS_Xian_1980',DATUM['D_Xian_1980',SPHEROID['Xian_1980',6378140.0,298.257]],PRIMEM['Greenwich',0.0],UNIT['Degree',0.0174532925199433]],PROJECTION['Gauss_Kruger'],PARAMETER['False_Easting',500000.0],PARAMETER['False_Northing',0.0],PARAMETER['Central_Meridian',105.0],PARAMETER['Scale_Factor',1.0],PARAMETER['Latitude_Of_Origin',0.0],UNIT['Meter',1.0]] D:\2000坐标系转换\data\H48\H48E014001\更新数据成果\H48E014001.mdb\LRDL</Process><Process ToolSource="C:\Program Files\ArcGIS\ArcToolbox\Toolboxes\Data Management Tools.tbx\Project" Date="20110628" Time="223628">Project D:\2000坐标系转换\data\H48\H48E014001\更新数据成果\H48E014001.mdb\LRDL D:\2000坐标系转换\data\H48\H48E014001\更新数据成果\H48E014001.mdb\prj_LRDL GEOGCS['GCS_Xian_1980',DATUM['D_Xian_1980',SPHEROID['Xian_1980',6378140.0,298.257]],PRIMEM['Greenwich',0.0],UNIT['Degree',0.0174532925199433]] # PROJCS['Xian_1980_GK_CM_105E',GEOGCS['GCS_Xian_1980',DATUM['D_Xian_1980',SPHEROID['Xian_1980',6378140.0,298.257]],PRIMEM['Greenwich',0.0],UNIT['Degree',0.0174532925199433]],PROJECTION['Gauss_Kruger'],PARAMETER['False_Easting',500000.0],PARAMETER['False_Northing',0.0],PARAMETER['Central_Meridian',105.0],PARAMETER['Scale_Factor',1.0],PARAMETER['Latitude_Of_Origin',0.0],UNIT['Meter',1.0]]</Process><Process ToolSource="C:\Program Files\ArcGIS\ArcToolbox\Toolboxes\Data Management Tools.tbx\DefineProjection" Date="20110628" Time="230635">DefineProjection D:\2000坐标系转换\data\H48\H48E014001\更新数据成果\H48E014001.mdb\prj_LRDL GEOGCS['CGCS_2000',DATUM['D_2000',SPHEROID['S_2000',6378137.0,298.2572221010041]],PRIMEM['Greenwich',0.0],UNIT['Degree',0.0174532925199433]] D:\2000坐标系转换\data\H48\H48E014001\更新数据成果\H48E014001.mdb\prj_LRDL</Process><Process ToolSource="c:\program files (x86)\arcgis\desktop10.1\ArcToolbox\Toolboxes\Data Management Tools.tbx\Merge" Date="20141117" Time="122143">Merge 路网\51;路网\52;路网\53;路网\54;路网\55;路网\56;路网\57;路网\58;路网\59;路网\60;路网\61;路网\62;路网\63;路网\64;路网\65;路网\66;路网\67;路网\68;路网\69;路网\70;路网\71;路网\72;路网\73;路网\74;路网\75;路网\76;路网\77;路网\78;路网\79;路网\80;路网\81;路网\82;路网\83;路网\84;路网\85;路网\86;路网\87;路网\88;路网\89;路网\90;路网\91;路网\92;路网\93;路网\94;路网\95;路网\96;路网\97;路网\98;路网\99;路网\100;路网\101;路网\102;路网\103;路网\104;路网\105;路网\106;路网\107;路网\108;路网\109;路网\110;路网\111;路网\112;路网\113;路网\114;路网\115;路网\116;路网\117;路网\118;路网\119;路网\120 C:\Users\Administrator\Documents\ArcGIS\Default.gdb\LRDL_Merge "GB "GB" true true false 4 Long 0 0 ,First,#,路网\51,GB,-1,-1,路网\52,GB,-1,-1,路网\53,GB,-1,-1,路网\54,GB,-1,-1,路网\55,GB,-1,-1,路网\56,GB,-1,-1,路网\57,GB,-1,-1,路网\58,GB,-1,-1,路网\59,GB,-1,-1,路网\60,GB,-1,-1,路网\61,GB,-1,-1,路网\62,GB,-1,-1,路网\63,GB,-1,-1,路网\64,GB,-1,-1,路网\65,GB,-1,-1,路网\66,GB,-1,-1,路网\67,GB,-1,-1,路网\68,GB,-1,-1,路网\69,GB,-1,-1,路网\70,GB,-1,-1,路网\71,GB,-1,-1,路网\72,GB,-1,-1,路网\73,GB,-1,-1,路网\74,GB,-1,-1,路网\75,GB,-1,-1,路网\76,GB,-1,-1,路网\77,GB,-1,-1,路网\78,GB,-1,-1,路网\79,GB,-1,-1,路网\80,GB,-1,-1,路网\81,GB,-1,-1,路网\82,GB,-1,-1,路网\83,GB,-1,-1,路网\84,GB,-1,-1,路网\85,GB,-1,-1,路网\86,GB,-1,-1,路网\87,GB,-1,-1,路网\88,GB,-1,-1,路网\89,GB,-1,-1,路网\90,GB,-1,-1,路网\91,GB,-1,-1,路网\92,GB,-1,-1,路网\93,GB,-1,-1,路网\94,GB,-1,-1,路网\95,GB,-1,-1,路网\96,GB,-1,-1,路网\97,GB,-1,-1,路网\98,GB,-1,-1,路网\99,GB,-1,-1,路网\100,GB,-1,-1,路网\101,GB,-1,-1,路网\102,GB,-1,-1,路网\103,GB,-1,-1,路网\104,GB,-1,-1,路网\105,GB,-1,-1,路网\106,GB,-1,-1,路网\107,GB,-1,-1,路网\108,GB,-1,-1,路网\109,GB,-1,-1,路网\110,GB,-1,-1,路网\111,GB,-1,-1,路网\112,GB,-1,-1,路网\113,GB,-1,-1,路网\114,GB,-1,-1,路网\115,GB,-1,-1,路网\116,GB,-1,-1,路网\117,GB,-1,-1,路网\118,GB,-1,-1,路网\119,GB,-1,-1,路网\120,GB,-1,-1;RN "RN" true true false 7 Text 0 0 ,First,#,路网\51,RN,-1,-1,路网\52,RN,-1,-1,路网\53,RN,-1,-1,路网\54,RN,-1,-1,路网\55,RN,-1,-1,路网\56,RN,-1,-1,路网\57,RN,-1,-1,路网\58,RN,-1,-1,路网\59,RN,-1,-1,路网\60,RN,-1,-1,路网\61,RN,-1,-1,路网\62,RN,-1,-1,路网\63,RN,-1,-1,路网\64,RN,-1,-1,路网\65,RN,-1,-1,路网\66,RN,-1,-1,路网\67,RN,-1,-1,路网\68,RN,-1,-1,路网\69,RN,-1,-1,路网\70,RN,-1,-1,路网\71,RN,-1,-1,路网\72,RN,-1,-1,路网\73,RN,-1,-1,路网\74,RN,-1,-1,路网\75,RN,-1,-1,路网\76,RN,-1,-1,路网\77,RN,-1,-1,路网\78,RN,-1,-1,路网\79,RN,-1,-1,路网\80,RN,-1,-1,路网\81,RN,-1,-1,路网\82,RN,-1,-1,路网\83,RN,-1,-1,路网\84,RN,-1,-1,路网\85,RN,-1,-1,路网\86,RN,-1,-1,路网\87,RN,-1,-1,路网\88,RN,-1,-1,路网\89,RN,-1,-1,路网\90,RN,-1,-1,路网\91,RN,-1,-1,路网\92,RN,-1,-1,路网\93,RN,-1,-1,路网\94,RN,-1,-1,路网\95,RN,-1,-1,路网\96,RN,-1,-1,路网\97,RN,-1,-1,路网\98,RN,-1,-1,路网\99,RN,-1,-1,路网\100,RN,-1,-1,路网\101,RN,-1,-1,路网\102,RN,-1,-1,路网\103,RN,-1,-1,路网\104,RN,-1,-1,路网\105,RN,-1,-1,路网\106,RN,-1,-1,路网\107,RN,-1,-1,路网\108,RN,-1,-1,路网\109,RN,-1,-1,路网\110,RN,-1,-1,路网\111,RN,-1,-1,路网\112,RN,-1,-1,路网\113,RN,-1,-1,路网\114,RN,-1,-1,路网\115,RN,-1,-1,路网\116,RN,-1,-1,路网\117,RN,-1,-1,路网\118,RN,-1,-1,路网\119,RN,-1,-1,路网\120,RN,-1,-1;RN2 "RN2" true true false 7 Text 0 0 ,First,#,路网\51,RN2,-1,-1,路网\52,RN2,-1,-1,路网\53,RN2,-1,-1,路网\54,RN2,-1,-1,路网\55,RN2,-1,-1,路网\59,RN2,-1,-1,路网\60,RN2,-1,-1,路网\61,RN2,-1,-1,路网\62,RN2,-1,-1,路网\63,RN2,-1,-1,路网\67,RN2,-1,-1,路网\68,RN2,-1,-1,路网\75,RN2,-1,-1,路网\76,RN2,-1,-1,路网\83,RN2,-1,-1,路网\84,RN2,-1,-1,路网\90,RN2,-1,-1,路网\91,RN2,-1,-1,路网\101,RN2,-1,-1,路网\102,RN2,-1,-1,路网\103,RN2,-1,-1,路网\104,RN2,-1,-1,路网\105,RN2,-1,-1,路网\106,RN2,-1,-1,路网\107,RN2,-1,-1,路网\108,RN2,-1,-1,路网\109,RN2,-1,-1,路网\110,RN2,-1,-1,路网\111,RN2,-1,-1,路网\112,RN2,-1,-1,路网\113,RN2,-1,-1,路网\114,RN2,-1,-1,路网\115,RN2,-1,-1,路网\116,RN2,-1,-1,路网\117,RN2,-1,-1,路网\118,RN2,-1,-1,路网\119,RN2,-1,-1,路网\120,RN2,-1,-1;RDPAC "RDPAC" true true false 4 Long 0 0 ,First,#,路网\51,RDPAC,-1,-1,路网\52,RDPAC,-1,-1,路网\53,RDPAC,-1,-1,路网\54,RDPAC,-1,-1,路网\55,RDPAC,-1,-1,路网\56,RDPAC,-1,-1,路网\57,RDPAC,-1,-1,路网\58,RDPAC,-1,-1,路网\59,RDPAC,-1,-1,路网\60,RDPAC,-1,-1,路网\61,RDPAC,-1,-1,路网\62,RDPAC,-1,-1,路网\63,RDPAC,-1,-1,路网\64,RDPAC,-1,-1,路网\65,RDPAC,-1,-1,路网\66,RDPAC,-1,-1,路网\67,RDPAC,-1,-1,路网\68,RDPAC,-1,-1,路网\69,RDPAC,-1,-1,路网\70,RDPAC,-1,-1,路网\71,RDPAC,-1,-1,路网\72,RDPAC,-1,-1,路网\73,RDPAC,-1,-1,路网\74,RDPAC,-1,-1,路网\75,RDPAC,-1,-1,路网\76,RDPAC,-1,-1,路网\77,RDPAC,-1,-1,路网\78,RDPAC,-1,-1,路网\79,RDPAC,-1,-1,路网\80,RDPAC,-1,-1,路网\81,RDPAC,-1,-1,路网\82,RDPAC,-1,-1,路网\83,RDPAC,-1,-1,路网\84,RDPAC,-1,-1,路网\85,RDPAC,-1,-1,路网\86,RDPAC,-1,-1,路网\87,RDPAC,-1,-1,路网\88,RDPAC,-1,-1,路网\89,RDPAC,-1,-1,路网\90,RDPAC,-1,-1,路网\91,RDPAC,-1,-1,路网\92,RDPAC,-1,-1,路网\93,RDPAC,-1,-1,路网\94,RDPAC,-1,-1,路网\95,RDPAC,-1,-1,路网\96,RDPAC,-1,-1,路网\97,RDPAC,-1,-1,路网\98,RDPAC,-1,-1,路网\99,RDPAC,-1,-1,路网\100,RDPAC,-1,-1,路网\101,RDPAC,-1,-1,路网\102,RDPAC,-1,-1,路网\103,RDPAC,-1,-1,路网\104,RDPAC,-1,-1,路网\105,RDPAC,-1,-1,路网\106,RDPAC,-1,-1,路网\107,RDPAC,-1,-1,路网\108,RDPAC,-1,-1,路网\109,RDPAC,-1,-1,路网\110,RDPAC,-1,-1,路网\111,RDPAC,-1,-1,路网\112,RDPAC,-1,-1,路网\113,RDPAC,-1,-1,路网\114,RDPAC,-1,-1,路网\115,RDPAC,-1,-1,路网\116,RDPAC,-1,-1,路网\117,RDPAC,-1,-1,路网\118,RDPAC,-1,-1,路网\119,RDPAC,-1,-1,路网\120,RDPAC,-1,-1;NAME "NAME" true true false 60 Text 0 0 ,First,#,路网\51,NAME,-1,-1,路网\52,NAME,-1,-1,路网\53,NAME,-1,-1,路网\54,NAME,-1,-1,路网\55,NAME,-1,-1,路网\56,NAME,-1,-1,路网\57,NAME,-1,-1,路网\58,NAME,-1,-1,路网\59,NAME,-1,-1,路网\60,NAME,-1,-1,路网\61,NAME,-1,-1,路网\62,NAME,-1,-1,路网\63,NAME,-1,-1,路网\64,NAME,-1,-1,路网\65,NAME,-1,-1,路网\66,NAME,-1,-1,路网\67,NAME,-1,-1,路网\68,NAME,-1,-1,路网\69,NAME,-1,-1,路网\70,NAME,-1,-1,路网\71,NAME,-1,-1,路网\72,NAME,-1,-1,路网\73,NAME,-1,-1,路网\74,NAME,-1,-1,路网\75,NAME,-1,-1,路网\76,NAME,-1,-1,路网\77,NAME,-1,-1,路网\78,NAME,-1,-1,路网\79,NAME,-1,-1,路网\80,NAME,-1,-1,路网\81,NAME,-1,-1,路网\82,NAME,-1,-1,路网\83,NAME,-1,-1,路网\84,NAME,-1,-1,路网\85,NAME,-1,-1,路网\86,NAME,-1,-1,路网\87,NAME,-1,-1,路网\88,NAME,-1,-1,路网\89,NAME,-1,-1,路网\90,NAME,-1,-1,路网\91,NAME,-1,-1,路网\92,NAME,-1,-1,路网\93,NAME,-1,-1,路网\94,NAME,-1,-1,路网\95,NAME,-1,-1,路网\96,NAME,-1,-1,路网\97,NAME,-1,-1,路网\98,NAME,-1,-1,路网\99,NAME,-1,-1,路网\100,NAME,-1,-1,路网\101,NAME,-1,-1,路网\102,NAME,-1,-1,路网\103,NAME,-1,-1,路网\104,NAME,-1,-1,路网\105,NAME,-1,-1,路网\106,NAME,-1,-1,路网\107,NAME,-1,-1,路网\108,NAME,-1,-1,路网\109,NAME,-1,-1,路网\110,NAME,-1,-1,路网\111,NAME,-1,-1,路网\112,NAME,-1,-1,路网\113,NAME,-1,-1,路网\114,NAME,-1,-1,路网\115,NAME,-1,-1,路网\116,NAME,-1,-1,路网\117,NAME,-1,-1,路网\118,NAME,-1,-1,路网\119,NAME,-1,-1,路网\120,NAME,-1,-1;RTEG "RTEG" true true false 4 Text 0 0 ,First,#,路网\51,RTEG,-1,-1,路网\52,RTEG,-1,-1,路网\53,RTEG,-1,-1,路网\54,RTEG,-1,-1,路网\55,RTEG,-1,-1,路网\56,RTEG,-1,-1,路网\57,RTEG,-1,-1,路网\58,RTEG,-1,-1,路网\59,RTEG,-1,-1,路网\60,RTEG,-1,-1,路网\61,RTEG,-1,-1,路网\62,RTEG,-1,-1,路网\63,RTEG,-1,-1,路网\64,RTEG,-1,-1,路网\65,RTEG,-1,-1,路网\66,RTEG,-1,-1,路网\67,RTEG,-1,-1,路网\68,RTEG,-1,-1,路网\69,RTEG,-1,-1,路网\70,RTEG,-1,-1,路网\71,RTEG,-1,-1,路网\72,RTEG,-1,-1,路网\73,RTEG,-1,-1,路网\74,RTEG,-1,-1,路网\75,RTEG,-1,-1,路网\76,RTEG,-1,-1,路网\77,RTEG,-1,-1,路网\78,RTEG,-1,-1,路网\79,RTEG,-1,-1,路网\80,RTEG,-1,-1,路网\81,RTEG,-1,-1,路网\82,RTEG,-1,-1,路网\83,RTEG,-1,-1,路网\84,RTEG,-1,-1,路网\85,RTEG,-1,-1,路网\86,RTEG,-1,-1,路网\87,RTEG,-1,-1,路网\88,RTEG,-1,-1,路网\89,RTEG,-1,-1,路网\90,RTEG,-1,-1,路网\91,RTEG,-1,-1,路网\92,RTEG,-1,-1,路网\93,RTEG,-1,-1,路网\94,RTEG,-1,-1,路网\95,RTEG,-1,-1,路网\96,RTEG,-1,-1,路网\97,RTEG,-1,-1,路网\98,RTEG,-1,-1,路网\99,RTEG,-1,-1,路网\100,RTEG,-1,-1,路网\101,RTEG,-1,-1,路网\102,RTEG,-1,-1,路网\103,RTEG,-1,-1,路网\104,RTEG,-1,-1,路网\105,RTEG,-1,-1,路网\106,RTEG,-1,-1,路网\107,RTEG,-1,-1,路网\108,RTEG,-1,-1,路网\109,RTEG,-1,-1,路网\110,RTEG,-1,-1,路网\111,RTEG,-1,-1,路网\112,RTEG,-1,-1,路网\113,RTEG,-1,-1,路网\114,RTEG,-1,-1,路网\115,RTEG,-1,-1,路网\116,RTEG,-1,-1,路网\117,RTEG,-1,-1,路网\118,RTEG,-1,-1,路网\119,RTEG,-1,-1,路网\120,RTEG,-1,-1;MATRL "MATRL" true true false 6 Text 0 0 ,First,#,路网\51,MATRL,-1,-1,路网\52,MATRL,-1,-1,路网\53,MATRL,-1,-1,路网\54,MATRL,-1,-1,路网\55,MATRL,-1,-1,路网\56,MATRL,-1,-1,路网\57,MATRL,-1,-1,路网\58,MATRL,-1,-1,路网\59,MATRL,-1,-1,路网\60,MATRL,-1,-1,路网\61,MATRL,-1,-1,路网\62,MATRL,-1,-1,路网\63,MATRL,-1,-1,路网\64,MATRL,-1,-1,路网\65,MATRL,-1,-1,路网\66,MATRL,-1,-1,路网\67,MATRL,-1,-1,路网\68,MATRL,-1,-1,路网\69,MATRL,-1,-1,路网\70,MATRL,-1,-1,路网\71,MATRL,-1,-1,路网\72,MATRL,-1,-1,路网\73,MATRL,-1,-1,路网\74,MATRL,-1,-1,路网\75,MATRL,-1,-1,路网\76,MATRL,-1,-1,路网\77,MATRL,-1,-1,路网\78,MATRL,-1,-1,路网\79,MATRL,-1,-1,路网\80,MATRL,-1,-1,路网\81,MATRL,-1,-1,路网\82,MATRL,-1,-1,路网\83,MATRL,-1,-1,路网\84,MATRL,-1,-1,路网\85,MATRL,-1,-1,路网\86,MATRL,-1,-1,路网\87,MATRL,-1,-1,路网\88,MATRL,-1,-1,路网\89,MATRL,-1,-1,路网\90,MATRL,-1,-1,路网\91,MATRL,-1,-1,路网\92,MATRL,-1,-1,路网\93,MATRL,-1,-1,路网\94,MATRL,-1,-1,路网\95,MATRL,-1,-1,路网\96,MATRL,-1,-1,路网\97,MATRL,-1,-1,路网\98,MATRL,-1,-1,路网\99,MATRL,-1,-1,路网\100,MATRL,-1,-1,路网\101,MATRL,-1,-1,路网\102,MATRL,-1,-1,路网\103,MATRL,-1,-1,路网\104,MATRL,-1,-1,路网\105,MATRL,-1,-1,路网\106,MATRL,-1,-1,路网\107,MATRL,-1,-1,路网\108,MATRL,-1,-1,路网\109,MATRL,-1,-1,路网\110,MATRL,-1,-1,路网\111,MATRL,-1,-1,路网\112,MATRL,-1,-1,路网\113,MATRL,-1,-1,路网\114,MATRL,-1,-1,路网\115,MATRL,-1,-1,路网\116,MATRL,-1,-1,路网\117,MATRL,-1,-1,路网\118,MATRL,-1,-1,路网\119,MATRL,-1,-1,路网\120,MATRL,-1,-1;LANE "LANE" true true false 4 Long 0 0 ,First,#,路网\51,LANE,-1,-1,路网\52,LANE,-1,-1,路网\53,LANE,-1,-1,路网\54,LANE,-1,-1,路网\55,LANE,-1,-1,路网\56,LANE,-1,-1,路网\57,LANE,-1,-1,路网\58,LANE,-1,-1,路网\59,LANE,-1,-1,路网\60,LANE,-1,-1,路网\61,LANE,-1,-1,路网\62,LANE,-1,-1,路网\63,LANE,-1,-1,路网\64,LANE,-1,-1,路网\65,LANE,-1,-1,路网\66,LANE,-1,-1,路网\67,LANE,-1,-1,路网\68,LANE,-1,-1,路网\69,LANE,-1,-1,路网\70,LANE,-1,-1,路网\71,LANE,-1,-1,路网\72,LANE,-1,-1,路网\73,LANE,-1,-1,路网\74,LANE,-1,-1,路网\75,LANE,-1,-1,路网\76,LANE,-1,-1,路网\77,LANE,-1,-1,路网\78,LANE,-1,-1,路网\79,LANE,-1,-1,路网\80,LANE,-1,-1,路网\81,LANE,-1,-1,路网\82,LANE,-1,-1,路网\83,LANE,-1,-1,路网\84,LANE,-1,-1,路网\85,LANE,-1,-1,路网\86,LANE,-1,-1,路网\87,LANE,-1,-1,路网\88,LANE,-1,-1,路网\89,LANE,-1,-1,路网\90,LANE,-1,-1,路网\91,LANE,-1,-1,路网\92,LANE,-1,-1,路网\93,LANE,-1,-1,路网\94,LANE,-1,-1,路网\95,LANE,-1,-1,路网\96,LANE,-1,-1,路网\97,LANE,-1,-1,路网\98,LANE,-1,-1,路网\99,LANE,-1,-1,路网\100,LANE,-1,-1,路网\101,LANE,-1,-1,路网\102,LANE,-1,-1,路网\103,LANE,-1,-1,路网\104,LANE,-1,-1,路网\105,LANE,-1,-1,路网\106,LANE,-1,-1,路网\107,LANE,-1,-1,路网\108,LANE,-1,-1,路网\109,LANE,-1,-1,路网\110,LANE,-1,-1,路网\111,LANE,-1,-1,路网\112,LANE,-1,-1,路网\113,LANE,-1,-1,路网\114,LANE,-1,-1,路网\115,LANE,-1,-1,路网\116,LANE,-1,-1,路网\117,LANE,-1,-1,路网\118,LANE,-1,-1,路网\119,LANE,-1,-1,路网\120,LANE,-1,-1;SDTF "SDTF" true true false 2 Text 0 0 ,First,#,路网\51,SDTF,-1,-1,路网\52,SDTF,-1,-1,路网\53,SDTF,-1,-1,路网\54,SDTF,-1,-1,路网\55,SDTF,-1,-1,路网\56,SDTF,-1,-1,路网\57,SDTF,-1,-1,路网\58,SDTF,-1,-1,路网\59,SDTF,-1,-1,路网\60,SDTF,-1,-1,路网\61,SDTF,-1,-1,路网\62,SDTF,-1,-1,路网\63,SDTF,-1,-1,路网\64,SDTF,-1,-1,路网\65,SDTF,-1,-1,路网\66,SDTF,-1,-1,路网\67,SDTF,-1,-1,路网\68,SDTF,-1,-1,路网\69,SDTF,-1,-1,路网\70,SDTF,-1,-1,路网\71,SDTF,-1,-1,路网\72,SDTF,-1,-1,路网\73,SDTF,-1,-1,路网\74,SDTF,-1,-1,路网\75,SDTF,-1,-1,路网\76,SDTF,-1,-1,路网\77,SDTF,-1,-1,路网\78,SDTF,-1,-1,路网\79,SDTF,-1,-1,路网\80,SDTF,-1,-1,路网\81,SDTF,-1,-1,路网\82,SDTF,-1,-1,路网\83,SDTF,-1,-1,路网\84,SDTF,-1,-1,路网\85,SDTF,-1,-1,路网\86,SDTF,-1,-1,路网\87,SDTF,-1,-1,路网\88,SDTF,-1,-1,路网\89,SDTF,-1,-1,路网\90,SDTF,-1,-1,路网\91,SDTF,-1,-1,路网\92,SDTF,-1,-1,路网\93,SDTF,-1,-1,路网\94,SDTF,-1,-1,路网\95,SDTF,-1,-1,路网\96,SDTF,-1,-1,路网\97,SDTF,-1,-1,路网\98,SDTF,-1,-1,路网\99,SDTF,-1,-1,路网\100,SDTF,-1,-1,路网\101,SDTF,-1,-1,路网\102,SDTF,-1,-1,路网\103,SDTF,-1,-1,路网\104,SDTF,-1,-1,路网\105,SDTF,-1,-1,路网\106,SDTF,-1,-1,路网\107,SDTF,-1,-1,路网\108,SDTF,-1,-1,路网\109,SDTF,-1,-1,路网\110,SDTF,-1,-1,路网\111,SDTF,-1,-1,路网\112,SDTF,-1,-1,路网\113,SDTF,-1,-1,路网\114,SDTF,-1,-1,路网\115,SDTF,-1,-1,路网\116,SDTF,-1,-1,路网\117,SDTF,-1,-1,路网\118,SDTF,-1,-1,路网\119,SDTF,-1,-1,路网\120,SDTF,-1,-1;WIDTH "WIDTH" true true false 4 Float 0 0 ,First,#,路网\51,WIDTH,-1,-1,路网\52,WIDTH,-1,-1,路网\53,WIDTH,-1,-1,路网\54,WIDTH,-1,-1,路网\55,WIDTH,-1,-1,路网\56,WIDTH,-1,-1,路网\57,WIDTH,-1,-1,路网\58,WIDTH,-1,-1,路网\59,WIDTH,-1,-1,路网\60,WIDTH,-1,-1,路网\61,WIDTH,-1,-1,路网\62,WIDTH,-1,-1,路网\63,WIDTH,-1,-1,路网\64,WIDTH,-1,-1,路网\65,WIDTH,-1,-1,路网\66,WIDTH,-1,-1,路网\67,WIDTH,-1,-1,路网\68,WIDTH,-1,-1,路网\69,WIDTH,-1,-1,路网\70,WIDTH,-1,-1,路网\71,WIDTH,-1,-1,路网\72,WIDTH,-1,-1,路网\73,WIDTH,-1,-1,路网\74,WIDTH,-1,-1,路网\75,WIDTH,-1,-1,路网\76,WIDTH,-1,-1,路网\77,WIDTH,-1,-1,路网\78,WIDTH,-1,-1,路网\79,WIDTH,-1,-1,路网\80,WIDTH,-1,-1,路网\81,WIDTH,-1,-1,路网\82,WIDTH,-1,-1,路网\83,WIDTH,-1,-1,路网\84,WIDTH,-1,-1,路网\85,WIDTH,-1,-1,路网\86,WIDTH,-1,-1,路网\87,WIDTH,-1,-1,路网\88,WIDTH,-1,-1,路网\89,WIDTH,-1,-1,路网\90,WIDTH,-1,-1,路网\91,WIDTH,-1,-1,路网\92,WIDTH,-1,-1,路网\93,WIDTH,-1,-1,路网\94,WIDTH,-1,-1,路网\95,WIDTH,-1,-1,路网\96,WIDTH,-1,-1,路网\97,WIDTH,-1,-1,路网\98,WIDTH,-1,-1,路网\99,WIDTH,-1,-1,路网\100,WIDTH,-1,-1,路网\101,WIDTH,-1,-1,路网\102,WIDTH,-1,-1,路网\103,WIDTH,-1,-1,路网\104,WIDTH,-1,-1,路网\105,WIDTH,-1,-1,路网\106,WIDTH,-1,-1,路网\107,WIDTH,-1,-1,路网\108,WIDTH,-1,-1,路网\109,WIDTH,-1,-1,路网\110,WIDTH,-1,-1,路网\111,WIDTH,-1,-1,路网\112,WIDTH,-1,-1,路网\113,WIDTH,-1,-1,路网\114,WIDTH,-1,-1,路网\115,WIDTH,-1,-1,路网\116,WIDTH,-1,-1,路网\117,WIDTH,-1,-1,路网\118,WIDTH,-1,-1,路网\119,WIDTH,-1,-1,路网\120,WIDTH,-1,-1;TYPE "TYPE" true true false 20 Text 0 0 ,First,#,路网\51,TYPE,-1,-1,路网\52,TYPE,-1,-1,路网\53,TYPE,-1,-1,路网\54,TYPE,-1,-1,路网\55,TYPE,-1,-1,路网\56,TYPE,-1,-1,路网\57,TYPE,-1,-1,路网\58,TYPE,-1,-1,路网\59,TYPE,-1,-1,路网\60,TYPE,-1,-1,路网\61,TYPE,-1,-1,路网\62,TYPE,-1,-1,路网\63,TYPE,-1,-1,路网\64,TYPE,-1,-1,路网\65,TYPE,-1,-1,路网\66,TYPE,-1,-1,路网\67,TYPE,-1,-1,路网\68,TYPE,-1,-1,路网\69,TYPE,-1,-1,路网\70,TYPE,-1,-1,路网\71,TYPE,-1,-1,路网\72,TYPE,-1,-1,路网\73,TYPE,-1,-1,路网\74,TYPE,-1,-1,路网\75,TYPE,-1,-1,路网\76,TYPE,-1,-1,路网\77,TYPE,-1,-1,路网\78,TYPE,-1,-1,路网\79,TYPE,-1,-1,路网\80,TYPE,-1,-1,路网\81,TYPE,-1,-1,路网\82,TYPE,-1,-1,路网\83,TYPE,-1,-1,路网\84,TYPE,-1,-1,路网\85,TYPE,-1,-1,路网\86,TYPE,-1,-1,路网\87,TYPE,-1,-1,路网\88,TYPE,-1,-1,路网\89,TYPE,-1,-1,路网\90,TYPE,-1,-1,路网\91,TYPE,-1,-1,路网\92,TYPE,-1,-1,路网\93,TYPE,-1,-1,路网\94,TYPE,-1,-1,路网\95,TYPE,-1,-1,路网\96,TYPE,-1,-1,路网\97,TYPE,-1,-1,路网\98,TYPE,-1,-1,路网\99,TYPE,-1,-1,路网\100,TYPE,-1,-1,路网\101,TYPE,-1,-1,路网\102,TYPE,-1,-1,路网\103,TYPE,-1,-1,路网\104,TYPE,-1,-1,路网\105,TYPE,-1,-1,路网\106,TYPE,-1,-1,路网\107,TYPE,-1,-1,路网\108,TYPE,-1,-1,路网\109,TYPE,-1,-1,路网\110,TYPE,-1,-1,路网\111,TYPE,-1,-1,路网\112,TYPE,-1,-1,路网\113,TYPE,-1,-1,路网\114,TYPE,-1,-1,路网\115,TYPE,-1,-1,路网\116,TYPE,-1,-1,路网\117,TYPE,-1,-1,路网\118,TYPE,-1,-1,路网\119,TYPE,-1,-1,路网\120,TYPE,-1,-1;PERIOD "PERIOD" true true false 20 Text 0 0 ,First,#,路网\51,PERIOD,-1,-1,路网\52,PERIOD,-1,-1,路网\53,PERIOD,-1,-1,路网\54,PERIOD,-1,-1,路网\55,PERIOD,-1,-1,路网\56,PERIOD,-1,-1,路网\57,PERIOD,-1,-1,路网\58,PERIOD,-1,-1,路网\59,PERIOD,-1,-1,路网\60,PERIOD,-1,-1,路网\61,PERIOD,-1,-1,路网\62,PERIOD,-1,-1,路网\63,PERIOD,-1,-1,路网\64,PERIOD,-1,-1,路网\65,PERIOD,-1,-1,路网\66,PERIOD,-1,-1,路网\67,PERIOD,-1,-1,路网\68,PERIOD,-1,-1,路网\69,PERIOD,-1,-1,路网\70,PERIOD,-1,-1,路网\71,PERIOD,-1,-1,路网\72,PERIOD,-1,-1,路网\73,PERIOD,-1,-1,路网\74,PERIOD,-1,-1,路网\75,PERIOD,-1,-1,路网\76,PERIOD,-1,-1,路网\77,PERIOD,-1,-1,路网\78,PERIOD,-1,-1,路网\79,PERIOD,-1,-1,路网\80,PERIOD,-1,-1,路网\81,PERIOD,-1,-1,路网\82,PERIOD,-1,-1,路网\83,PERIOD,-1,-1,路网\84,PERIOD,-1,-1,路网\85,PERIOD,-1,-1,路网\86,PERIOD,-1,-1,路网\87,PERIOD,-1,-1,路网\88,PERIOD,-1,-1,路网\89,PERIOD,-1,-1,路网\90,PERIOD,-1,-1,路网\91,PERIOD,-1,-1,路网\92,PERIOD,-1,-1,路网\93,PERIOD,-1,-1,路网\94,PERIOD,-1,-1,路网\95,PERIOD,-1,-1,路网\96,PERIOD,-1,-1,路网\97,PERIOD,-1,-1,路网\98,PERIOD,-1,-1,路网\99,PERIOD,-1,-1,路网\100,PERIOD,-1,-1,路网\101,PERIOD,-1,-1,路网\102,PERIOD,-1,-1,路网\103,PERIOD,-1,-1,路网\104,PERIOD,-1,-1,路网\105,PERIOD,-1,-1,路网\106,PERIOD,-1,-1,路网\107,PERIOD,-1,-1,路网\108,PERIOD,-1,-1,路网\109,PERIOD,-1,-1,路网\110,PERIOD,-1,-1,路网\111,PERIOD,-1,-1,路网\112,PERIOD,-1,-1,路网\113,PERIOD,-1,-1,路网\114,PERIOD,-1,-1,路网\115,PERIOD,-1,-1,路网\116,PERIOD,-1,-1,路网\117,PERIOD,-1,-1,路网\118,PERIOD,-1,-1,路网\119,PERIOD,-1,-1,路网\120,PERIOD,-1,-1;SHAPE_Length "SHAPE_Length" false true true 8 Double 0 0 ,First,#,路网\51,SHAPE_Length,-1,-1,路网\52,SHAPE_Length,-1,-1,路网\53,SHAPE_Length,-1,-1,路网\54,SHAPE_Length,-1,-1,路网\55,SHAPE_Length,-1,-1,路网\56,Shape_Length,-1,-1,路网\57,Shape_Length,-1,-1,路网\58,Shape_Length,-1,-1,路网\59,SHAPE_Length,-1,-1,路网\60,SHAPE_Length,-1,-1,路网\61,SHAPE_Length,-1,-1,路网\62,SHAPE_Length,-1,-1,路网\63,SHAPE_Length,-1,-1,路网\64,Shape_Length,-1,-1,路网\65,Shape_Length,-1,-1,路网\66,Shape_Length,-1,-1,路网\67,SHAPE_Length,-1,-1,路网\68,SHAPE_Length,-1,-1,路网\69,Shape_Length,-1,-1,路网\70,Shape_Length,-1,-1,路网\71,Shape_Length,-1,-1,路网\72,Shape_Length,-1,-1,路网\73,Shape_Length,-1,-1,路网\74,Shape_Length,-1,-1,路网\75,SHAPE_Length,-1,-1,路网\76,SHAPE_Length,-1,-1,路网\77,Shape_Length,-1,-1,路网\78,Shape_Length,-1,-1,路网\79,Shape_Length,-1,-1,路网\80,Shape_Length,-1,-1,路网\81,Shape_Length,-1,-1,路网\82,Shape_Length,-1,-1,路网\83,SHAPE_Length,-1,-1,路网\84,SHAPE_Length,-1,-1,路网\85,Shape_Length,-1,-1,路网\86,Shape_Length,-1,-1,路网\87,Shape_Length,-1,-1,路网\88,Shape_Length,-1,-1,路网\89,Shape_Length,-1,-1,路网\90,SHAPE_Length,-1,-1,路网\91,SHAPE_Length,-1,-1,路网\92,Shape_Length,-1,-1,路网\93,Shape_Length,-1,-1,路网\94,Shape_Length,-1,-1,路网\95,Shape_Length,-1,-1,路网\96,Shape_Length,-1,-1,路网\97,Shape_Length,-1,-1,路网\98,Shape_Length,-1,-1,路网\99,Shape_Length,-1,-1,路网\100,Shape_Length,-1,-1,路网\101,SHAPE_Length,-1,-1,路网\102,SHAPE_Length,-1,-1,路网\103,SHAPE_Length,-1,-1,路网\104,SHAPE_Length,-1,-1,路网\105,SHAPE_Length,-1,-1,路网\106,SHAPE_Length,-1,-1,路网\107,SHAPE_Length,-1,-1,路网\108,SHAPE_Length,-1,-1,路网\109,SHAPE_Length,-1,-1,路网\110,SHAPE_Length,-1,-1,路网\111,SHAPE_Length,-1,-1,路网\112,SHAPE_Length,-1,-1,路网\113,SHAPE_Length,-1,-1,路网\114,SHAPE_Length,-1,-1,路网\115,SHAPE_Length,-1,-1,路网\116,SHAPE_Length,-1,-1,路网\117,SHAPE_Length,-1,-1,路网\118,SHAPE_Length,-1,-1,路网\119,SHAPE_Length,-1,-1,路网\120,SHAPE_Length,-1,-1"</Process><Process ToolSource="c:\program files (x86)\arcgis\desktop10.1\ArcToolbox\Toolboxes\Data Management Tools.tbx\Merge" Date="20141117" Time="122225">Merge 520;150 C:\Users\Administrator\Documents\ArcGIS\Default.gdb\LRDL_Merge_Merge "GB "GB" true true false 4 Long 0 0 ,First,#,520,GB,-1,-1,150,GB,-1,-1;RN "RN" true true false 7 Text 0 0 ,First,#,520,RN,-1,-1,150,RN,-1,-1;RN2 "RN2" true true false 7 Text 0 0 ,First,#,520,RN2,-1,-1,150,RN2,-1,-1;RDPAC "RDPAC" true true false 4 Long 0 0 ,First,#,520,RDPAC,-1,-1,150,RDPAC,-1,-1;NAME "NAME" true true false 60 Text 0 0 ,First,#,520,NAME,-1,-1,150,NAME,-1,-1;RTEG "RTEG" true true false 4 Text 0 0 ,First,#,520,RTEG,-1,-1,150,RTEG,-1,-1;MATRL "MATRL" true true false 6 Text 0 0 ,First,#,520,MATRL,-1,-1,150,MATRL,-1,-1;LANE "LANE" true true false 4 Long 0 0 ,First,#,520,LANE,-1,-1,150,LANE,-1,-1;SDTF "SDTF" true true false 2 Text 0 0 ,First,#,520,SDTF,-1,-1,150,SDTF,-1,-1;WIDTH "WIDTH" true true false 4 Float 0 0 ,First,#,520,WIDTH,-1,-1,150,WIDTH,-1,-1;TYPE "TYPE" true true false 20 Text 0 0 ,First,#,520,TYPE,-1,-1,150,TYPE,-1,-1;PERIOD "PERIOD" true true false 20 Text 0 0 ,First,#,520,PERIOD,-1,-1,150,PERIOD,-1,-1;Shape_Length "Shape_Length" false true true 8 Double 0 0 ,First,#,520,Shape_Length,-1,-1,150,Shape_Length,-1,-1"</Process><Process ToolSource="c:\program files (x86)\arcgis\desktop10.1\ArcToolbox\Toolboxes\Analysis Tools.tbx\Clip" Date="20141117" Time="134225">Clip lw qielu C:\Users\Administrator\Documents\ArcGIS\Default.gdb\lw_Clip1 #</Process></lineage><itemProps><itemName Sync="TRUE">lw_Clip1</itemName><imsContentType Sync="TRUE">002</imsContentType><itemLocation><linkage Sync="TRUE">file://\\3M19J6JT2ISGCIM\Users\Administrator\Documents\ArcGIS\Default.gdb</linkage><protocol Sync="TRUE">Local Area Network</protocol></itemLocation></itemProps><coordRef><type Sync="TRUE">Geographic</type><geogcsn Sync="TRUE">CGCS_2000</geogcsn><csUnits Sync="TRUE">Angular Unit: Degree (0.017453)</csUnits><peXml Sync="TRUE">&lt;GeographicCoordinateSystem xsi:type='typens:GeographicCoordinateSystem' xmlns:xsi='http://www.w3.org/2001/XMLSchema-instance' xmlns:xs='http://www.w3.org/2001/XMLSchema' xmlns:typens='http://www.esri.com/schemas/ArcGIS/10.1'&gt;&lt;WKT&gt;GEOGCS[&amp;quot;CGCS_2000&amp;quot;,DATUM[&amp;quot;D_2000&amp;quot;,SPHEROID[&amp;quot;S_2000&amp;quot;,6378137.0,298.2572221010041]],PRIMEM[&amp;quot;Greenwich&amp;quot;,0.0],UNIT[&amp;quot;Degree&amp;quot;,0.0174532925199433]]&lt;/WKT&gt;&lt;XOrigin&gt;-400&lt;/XOrigin&gt;&lt;YOrigin&gt;-400&lt;/YOrigin&gt;&lt;XYScale&gt;1111948722.2222221&lt;/XYScale&gt;&lt;ZOrigin&gt;-100000&lt;/ZOrigin&gt;&lt;ZScale&gt;10000&lt;/ZScale&gt;&lt;MOrigin&gt;-100000&lt;/MOrigin&gt;&lt;MScale&gt;10000&lt;/MScale&gt;&lt;XYTolerance&gt;8.9831528411952133e-009&lt;/XYTolerance&gt;&lt;ZTolerance&gt;0.001&lt;/ZTolerance&gt;&lt;MTolerance&gt;0.001&lt;/MTolerance&gt;&lt;HighPrecision&gt;true&lt;/HighPrecision&gt;&lt;LeftLongitude&gt;-180&lt;/LeftLongitude&gt;&lt;/GeographicCoordinateSystem&gt;</peXml></coordRef></DataProperties><SyncDate>20141117</SyncDate><SyncTime>13422300</SyncTime><ModDate>20141117</ModDate><ModTime>13422300</ModTime><ArcGISFormat>1.0</ArcGISFormat></Esri><idinfo><citation><citeinfo><onlink Sync="TRUE">\\LENOVO-08BBB162\D\2000坐标系转换\data\H48\H48E014001\更新数据成果\H48E014001.mdb</onlink></citeinfo></citation></idinfo><distInfo><distributor><distorTran><onLineSrc><linkage Sync="TRUE">file://\\LENOVO-08BBB162\D\2000坐标系转换\data\H48\H48E014001\更新数据成果\H48E014001.mdb</linkage><protocol Sync="TRUE">Local Area Network</protocol></onLineSrc></distorTran></distributor><distFormat><formatName Sync="TRUE">File Geodatabase Feature Class</formatName></distFormat></distInfo><dataqual><lineage><procstep><procdesc Sync="TRUE">数据集被复制.</procdesc><srcused Sync="TRUE">\\LENOVO-08BBB162\D\2000坐标系转换\data\H48\H48E014001\更新数据成果\H48E014001.mdb</srcused><date Sync="TRUE">20110628</date><time Sync="TRUE">22362800</time></procstep></lineage></dataqual><dataIdInfo><envirDesc Sync="TRUE">Microsoft Windows 7 Version 6.1 (Build 7601) Service Pack 1; Esri ArcGIS 10.1.0.3035</envirDesc><dataLang><languageCode value="zho" Sync="TRUE"></languageCode><countryCode value="CHN" Sync="TRUE"></countryCode></dataLang><idCitation><resTitle Sync="TRUE">lw_Clip1</resTitle><presForm><PresFormCd value="005" Sync="TRUE"></PresFormCd></presForm></idCitation><spatRpType><SpatRepTypCd value="001" Sync="TRUE"></SpatRepTypCd></spatRpType></dataIdInfo><mdLang><languageCode value="zho" Sync="TRUE"></languageCode><countryCode value="CHN" Sync="TRUE"></countryCode></mdLang><mdHrLv><ScopeCd value="005" Sync="TRUE"></ScopeCd></mdHrLv><mdHrLvName Sync="TRUE">dataset</mdHrLvName><refSysInfo><RefSystem><refSysID><identCode code="0" Sync="TRUE" value="0"></identCode></refSysID></RefSystem></refSysInfo><spatRepInfo><VectSpatRep><geometObjs Name="lw_Clip1"><geoObjTyp><GeoObjTypCd value="002" Sync="TRUE"></GeoObjTypCd></geoObjTyp><geoObjCnt Sync="TRUE">0</geoObjCnt></geometObjs><topLvl><TopoLevCd value="001" Sync="TRUE"></TopoLevCd></topLvl></VectSpatRep></spatRepInfo><spdoinfo><ptvctinf><esriterm Name="lw_Clip1"><efeatyp Sync="TRUE">Simple</efeatyp><efeageom code="3" Sync="TRUE"></efeageom><esritopo Sync="TRUE">FALSE</esritopo><efeacnt Sync="TRUE">0</efeacnt><spindex Sync="TRUE">TRUE</spindex><linrefer Sync="TRUE">FALSE</linrefer></esriterm></ptvctinf></spdoinfo><eainfo><detailed Name="lw_Clip1"><enttyp><enttypl Sync="TRUE">lw_Clip1</enttypl><enttypt Sync="TRUE">Feature Class</enttypt><enttypc Sync="TRUE">0</enttypc></enttyp><attr><attrlabl Sync="TRUE">OBJECTID_1</attrlabl><attalias Sync="TRUE">OBJECTID_1</attalias><attrtype Sync="TRUE">OID</attrtype><attwidth Sync="TRUE">4</attwidth><atprecis Sync="TRUE">0</atprecis><attscale Sync="TRUE">0</attscale><attrdef Sync="TRUE">Internal feature number.</attrdef><attrdefs Sync="TRUE">Esri</attrdefs><attrdomv><udom Sync="TRUE">Sequential unique whole numbers that are automatically generated.</udom></attrdomv></attr><attr><attrlabl Sync="TRUE">OBJECTID</attrlabl><attalias Sync="TRUE">OBJECTID</attalias><attrtype Sync="TRUE">Integer</attrtype><attwidth Sync="TRUE">4</attwidth><atprecis Sync="TRUE">0</atprecis><attscale Sync="TRUE">0</attscale><attrdef Sync="TRUE">Internal feature number.</attrdef><attrdefs Sync="TRUE">Esri</attrdefs><attrdomv><udom Sync="TRUE">Sequential unique whole numbers that are automatically generated.</udom></attrdomv></attr><attr><attrlabl Sync="TRUE">Shape</attrlabl><attalias Sync="TRUE">Shape</attalias><attrtype Sync="TRUE">Geometry</attrtype><attwidth Sync="TRUE">0</attwidth><atprecis Sync="TRUE">0</atprecis><attscale Sync="TRUE">0</attscale><attrdef Sync="TRUE">Feature geometry.</attrdef><attrdefs Sync="TRUE">Esri</attrdefs><attrdomv><udom Sync="TRUE">Coordinates defining the features.</udom></attrdomv></attr><attr><attrlabl Sync="TRUE">GB</attrlabl><attalias Sync="TRUE">GB</attalias><attrtype Sync="TRUE">Integer</attrtype><attwidth Sync="TRUE">4</attwidth><atprecis Sync="TRUE">0</atprecis><attscale Sync="TRUE">0</attscale></attr><attr><attrlabl Sync="TRUE">RN</attrlabl><attalias Sync="TRUE">RN</attalias><attrtype Sync="TRUE">String</attrtype><attwidth Sync="TRUE">7</attwidth><atprecis Sync="TRUE">0</atprecis><attscale Sync="TRUE">0</attscale></attr><attr><attrlabl Sync="TRUE">RN2</attrlabl><attalias Sync="TRUE">RN2</attalias><attrtype Sync="TRUE">String</attrtype><attwidth Sync="TRUE">7</attwidth><atprecis Sync="TRUE">0</atprecis><attscale Sync="TRUE">0</attscale></attr><attr><attrlabl Sync="TRUE">RDPAC</attrlabl><attalias Sync="TRUE">RDPAC</attalias><attrtype Sync="TRUE">Integer</attrtype><attwidth Sync="TRUE">4</attwidth><atprecis Sync="TRUE">0</atprecis><attscale Sync="TRUE">0</attscale></attr><attr><attrlabl Sync="TRUE">NAME</attrlabl><attalias Sync="TRUE">NAME</attalias><attrtype Sync="TRUE">String</attrtype><attwidth Sync="TRUE">60</attwidth><atprecis Sync="TRUE">0</atprecis><attscale Sync="TRUE">0</attscale></attr><attr><attrlabl Sync="TRUE">RTEG</attrlabl><attalias Sync="TRUE">RTEG</attalias><attrtype Sync="TRUE">String</attrtype><attwidth Sync="TRUE">4</attwidth><atprecis Sync="TRUE">0</atprecis><attscale Sync="TRUE">0</attscale></attr><attr><attrlabl Sync="TRUE">MATRL</attrlabl><attalias Sync="TRUE">MATRL</attalias><attrtype Sync="TRUE">String</attrtype><attwidth Sync="TRUE">6</attwidth><atprecis Sync="TRUE">0</atprecis><attscale Sync="TRUE">0</attscale></attr><attr><attrlabl Sync="TRUE">LANE</attrlabl><attalias Sync="TRUE">LANE</attalias><attrtype Sync="TRUE">Integer</attrtype><attwidth Sync="TRUE">4</attwidth><atprecis Sync="TRUE">0</atprecis><attscale Sync="TRUE">0</attscale></attr><attr><attrlabl Sync="TRUE">SDTF</attrlabl><attalias Sync="TRUE">SDTF</attalias><attrtype Sync="TRUE">String</attrtype><attwidth Sync="TRUE">2</attwidth><atprecis Sync="TRUE">0</atprecis><attscale Sync="TRUE">0</attscale></attr><attr><attrlabl Sync="TRUE">WIDTH</attrlabl><attalias Sync="TRUE">WIDTH</attalias><attrtype Sync="TRUE">Single</attrtype><attwidth Sync="TRUE">4</attwidth><atprecis Sync="TRUE">0</atprecis><attscale Sync="TRUE">0</attscale></attr><attr><attrlabl Sync="TRUE">TYPE</attrlabl><attalias Sync="TRUE">TYPE</attalias><attrtype Sync="TRUE">String</attrtype><attwidth Sync="TRUE">20</attwidth><atprecis Sync="TRUE">0</atprecis><attscale Sync="TRUE">0</attscale></attr><attr><attrlabl Sync="TRUE">PERIOD</attrlabl><attalias Sync="TRUE">PERIOD</attalias><attrtype Sync="TRUE">String</attrtype><attwidth Sync="TRUE">20</attwidth><atprecis Sync="TRUE">0</atprecis><attscale Sync="TRUE">0</attscale></attr><attr><attrlabl Sync="TRUE">Shape_Leng</attrlabl><attalias Sync="TRUE">Shape_Leng</attalias><attrtype Sync="TRUE">Double</attrtype><attwidth Sync="TRUE">8</attwidth><atprecis Sync="TRUE">0</atprecis><attscale Sync="TRUE">0</attscale></attr><attr><attrlabl Sync="TRUE">Shape_Length</attrlabl><attalias Sync="TRUE">Shape_Length</attalias><attrtype Sync="TRUE">Double</attrtype><attwidth Sync="TRUE">8</attwidth><atprecis Sync="TRUE">0</atprecis><attscale Sync="TRUE">0</attscale><attrdef Sync="TRUE">Length of feature in internal units.</attrdef><attrdefs Sync="TRUE">Esri</attrdefs><attrdomv><udom Sync="TRUE">Positive real numbers that are automatically generated.</udom></attrdomv></attr></detailed></eainfo><mdDateSt Sync="TRUE">20141117</mdDateSt></metadata>
