<?xml version="1.0" encoding="UTF-8"?>
<metadata xml:lang="zh"><Esri><CreaDate>20161023</CreaDate><CreaTime>12570600</CreaTime><ArcGISFormat>1.0</ArcGISFormat><SyncOnce>TRUE</SyncOnce><DataProperties><lineage><Process ToolSource="c:\program files (x86)\arcgis\desktop10.1\ArcToolbox\Toolboxes\Spatial Analyst Tools.tbx\ZonalStatistics" Date="20141122" Time="235642">ZonalStatistics 每千米风险统计 OBJECTID 风险评价 D:\222\宝兴-庐山\gl\fxgytd MAXIMUM DATA</Process></lineage><itemProps><itemLocation><linkage Sync="TRUE">file://\\3M19J6JT2ISGCIM\D$\222\宝兴-庐山\glfx\公路评价数据\fxgytd</linkage><protocol Sync="TRUE">Local Area Network</protocol></itemLocation></itemProps><copyHistory><copy source="D:\222\宝兴-庐山\glfx1\数据\风险评价\fxgytd" dest="\\3M19J6JT2ISGCIM\D$\222\宝兴-庐山\glfx\公路评价数据\fxgytd" date="20161023" time="12570600"></copy></copyHistory></DataProperties></Esri></metadata>
